Id,list_price
9907,116.35136953060841
5243,23.034587907133606
8276,150.38601225799496
6501,53.156159993974256
1619,-11.01593257978714
2226,50.83007795189382
7130,188.95155747379647
2272,117.7497617189759
9594,46.905148773742404
38,6.8892249331182995
3851,131.1242717226005
1713,41.03609885474343
10304,66.75472801390015
2339,14.267410123492844
10128,24.506052047975395
10859,99.7354222958688
392,118.46098323694855
3888,23.319714819680698
5940,28.06303513490818
4577,587.2218704370586
2829,18.476052277577228
9614,407.66038827000625
1900,394.0736424598092
9527,76.94203563646516
2341,76.20522613448222
7739,18.793646295608944
3445,35.49259685684501
298,28.560534370059685
429,40.94528889053037
10482,51.00541318644556
6309,31.417551465482784
9634,29.713835753729846
7093,36.41407453084969
1874,28.08012138489285
798,142.3267301275158
6394,103.13894873942576
11894,31.34966699933246
9504,94.91764447597834
4255,123.05116197299238
8991,62.59252272472271
8667,40.992163988560776
1067,123.4019947761911
936,404.17494213483235
5751,21.019581250235408
7347,70.25105412353395
5061,25.18561550156489
11880,24.10351258753347
11077,90.90436113794405
9796,45.52181716354061
129,4.966103498924689
6500,62.54355701534094
903,33.236519490749714
2018,43.20510213885553
11332,49.376929134823314
2915,39.7821773299145
11814,38.225231295606626
7732,62.549624567309394
1074,80.51094273985855
11551,90.24301623494796
10732,20.635034669307764
824,44.40086687894255
5778,8.23843047922097
10059,26.8351201538972
9400,34.02068260105254
4364,41.273223558963466
8063,25.725960455949213
1466,-7.293537395931153
3113,44.08110007336618
11058,71.49709265246632
8462,43.08347978997715
11124,398.83971816290625
8460,35.67089379835685
5114,32.94421730943653
1088,32.30660506675896
8311,25.559617297679896
4693,101.86294915984158
756,66.26583253862378
4864,282.3531522589001
2913,21.729360345246995
8574,25.839181467686274
2851,5.747469628389641
1097,100.89608958502717
3854,130.25898722504002
3136,281.51208007600064
724,22.545168050303538
9697,16.171158262217652
7172,29.851515764494405
7128,-5.96210513749439
7952,109.05471596411213
5718,73.17362454315578
12179,38.57055689670593
7537,163.89552304586564
3255,394.91471464270876
10567,80.975213819868
9557,30.34545019350106
10793,51.86622504077792
2057,-30.323849528311655
11958,57.176118364886975
9908,51.285770580745385
6971,42.608682046658416
1821,25.973014839397152
11339,52.14658243507775
8966,25.6041208322988
9943,64.74510754287223
10888,23.32950779148142
9265,78.82150114014192
6307,25.759424471213137
7913,11.485947912559116
7738,18.817772949946395
12085,149.67639168033406
9432,230.40596445805807
175,222.31591650095854
7253,56.303502422442214
513,142.10558266865692
10635,27.395834942496847
2120,12.786019188274814
5948,77.88737050028115
45,11.609366772541613
6702,-12.594891133309375
9850,50.0364521334073
2492,76.60009770574513
5907,60.17530196801859
1458,10.414943016017446
1618,22.756544911419287
210,45.529844681860105
11477,34.003190746283366
2478,46.09712452254201
6426,30.390800318252744
2960,34.45157277075092
8113,38.75707384926568
9717,60.57312920226452
1704,27.86758376955433
3507,7.237287387355785
11102,21.385143304963393
9801,24.14306744378755
3952,69.8179858757573
1864,45.07971305511997
8349,47.97802841893683
4353,91.4284803100496
9770,26.879196399517404
2409,147.58243831499675
3924,25.238208047657295
2337,30.77255345554145
4905,58.86223005785179
5603,37.435385217243095
7039,64.36759309624645
7992,24.261660298618526
5973,51.66997301271594
3338,11.76000203082194
4700,60.42217261937515
6470,31.268636153229476
1358,45.21108369926564
6467,97.82223662392002
569,234.0433517958211
12256,54.75390435001401
1261,20.78916571225646
8498,44.41392661049649
2778,87.96084672843389
6027,85.5858287458874
3204,17.46013978476586
1141,2.893785202787811
3905,44.361457467666
1386,17.437569374480173
11170,141.48565794461632
2938,71.33404546910663
9836,14.531716947923194
8395,108.63731570550955
4688,41.49718689043329
2679,16.710031149110232
1510,232.91522783727308
8889,158.5591372455354
7382,123.8761386169497
6564,188.67120007949663
975,16.626686642320198
6600,20.80350683204921
6290,48.292888549350735
9185,55.61585516933661
3991,5.87741913465338
12252,72.839501862731
8050,31.864940503094413
11572,30.495094209852255
2620,4.357916132986212
5396,162.7704673389083
3104,101.37776077664643
2277,36.052515713479465
11985,42.67430835435972
9115,25.294137088868432
4547,17.273766871797132
3176,90.86776552144994
42,24.546500346550452
11787,16.892099929030007
4876,25.682731978764103
293,13.653741904666056
8693,62.748682133460534
7995,402.6067838933982
6953,86.18394116509911
7996,228.07324495099738
4092,27.622695093558967
8622,63.24369344427549
4521,30.525099489174714
6246,18.392175514909177
11186,68.56423252080901
2398,67.29173173796897
5416,59.45312303923601
6777,-28.080990373913068
10874,66.05789052646162
11316,125.83864037704848
10665,34.9779143700388
6965,38.19635906066603
5865,34.26910682685773
5937,44.54465417350945
10426,30.07529210353347
5887,23.61199272306949
665,59.42743610317596
2332,22.90626289315059
7298,44.840608799369015
5282,20.525933848483184
10694,27.682713232876445
1506,403.89458474053254
4895,131.63069693861502
6249,257.5135468862506
9685,11.69778857776901
8769,147.99424731453513
2870,5.67676307878283
12211,82.09664339706731
9929,134.43427088161323
6862,15.585370627643872
8303,19.09813034424622
1124,13.062154078945458
10831,10.76164702791938
4059,45.732283008925606
8906,366.3232914965382
1488,32.89844080390998
5299,31.018275216197324
2999,-9.445864203780268
8437,51.718236677387594
8744,140.14308090855815
11825,16.58749660170761
11462,9.851018999147485
4362,55.2220751886786
9138,31.31819945412573
5644,10.081637762628947
11096,26.766541227698085
11162,26.964360945578406
9596,38.8568855884429
5653,18.271849856148737
8278,103.531960208927
3139,295.6075423073962
2101,25.78883223353231
4721,102.29787655652629
11455,43.81367036047416
4041,98.58096252272232
8687,22.421368221734525
11762,63.99430969622183
2429,45.640427843719614
3731,71.55753446487901
899,51.5498460547701
5800,7.149256599888762
6236,43.292497033297195
2020,21.601747381517747
2669,28.221676352258505
4309,35.33541899990221
5300,37.35528687776657
11090,48.11096016190925
7142,124.432547164854
4652,8.894214634770773
4049,51.02638321576465
11863,230.03574671109612
12165,59.14707870887614
6125,59.73348043353583
7558,36.620177437512915
1617,11.68543995342047
4026,24.057611843502343
4415,37.725583267782426
8664,39.03743124356551
3997,34.35794906794901
5428,12.881431608021238
3702,37.70726112180665
6498,78.16772789458098
3801,87.25971501204634
2462,739.2132448079599
11839,180.61282788095252
6880,28.82645045063405
5256,30.82774396339928
1316,33.52412379930911
9245,39.41680444507735
7428,38.89680247572952
4053,29.7552274099383
2889,101.0218769769421
11086,65.40626245267802
1551,6.115857810156491
10738,407.94074566430606
1659,50.26936316329417
989,71.1938880753722
1944,228.43620390982463
5023,-5.654552666040246
4928,19.96243464914974
7525,35.1101790097572
9547,47.62073171091031
12163,45.198227079161
3339,17.99828416307982
5113,27.169390627575076
11925,23.24151412507175
933,255.270687731852
7261,90.38959909276193
8465,40.11195398432075
1092,36.63415356118607
6588,61.98890977870975
6853,38.6164450814297
1250,47.08040966624803
8168,48.29287747054353
7904,7.839920894752144
5812,42.05790167903294
10762,25.387567985443525
439,15.100667369387018
344,27.176693152651648
6643,365.20186191933885
8896,15.637474876420853
11365,30.277183147336483
9806,61.302262129854235
10560,159.11985203413502
1039,22.045554191818802
1079,43.10966971183933
7288,81.0136816596239
3169,147.86279570929656
288,29.59965713838256
3557,24.074816061262503
5332,49.27869864637147
8596,21.35939942155393
10903,42.82598272514461
8536,31.998086564336887
6087,48.73630612541234
90,9.123991836083214
12112,22.484002471877
10957,39.95860176594151
703,86.8645049234524
11671,49.66017278473578
4329,24.183031848961107
10828,29.79879413861262
10031,89.6823014463483
7666,40.88689356214039
4893,101.12727797737557
2379,222.08031532674408
2578,73.29738951056746
3926,-7.363892108993504
7259,50.19126382172512
123,25.907839019474515
6946,36.610078338197084
11250,29.565567742939137
3840,34.365195982208576
7496,55.89038802321091
3283,50.575570714305506
8756,65.35007014443494
818,72.19812038291836
5630,43.99953661646954
5446,113.82815298191
9493,21.08221550037788
666,35.70282696685148
9905,38.93167608839469
5253,96.93184835287056
6491,41.5731687193622
379,37.63339555845562
4791,35.37160685602608
779,43.57600171355603
11568,29.7029677521561
8234,41.16725095644021
11503,38.735895587623965
11633,39.19778941494562
12101,48.56681838216336
11047,30.739090542494154
2494,76.54344519223409
12053,66.89080964494487
7661,60.419782263670065
3975,25.92092161704143
11610,99.59823816391363
6963,40.86348096504585
1066,115.79876535158708
6479,31.862730996501593
11453,37.072680769855964
4330,165.79718906673676
2074,11.821420898610604
9374,173.64666901488803
4723,162.49373607436652
4421,364.0804323421396
8496,36.543086929807686
2548,-9.445864203780268
12233,43.89469837791163
6304,22.180565683688787
9889,15.404648156719652
7660,65.27765079725404
4585,243.95926833732162
8872,33.740325206752715
254,51.262788596825196
10117,32.072944684051684
56,101.67856480355451
9064,407.0996734814066
2887,116.35948014018672
6192,35.95274209885298
9463,71.95788091052705
9216,38.86596760442184
7313,19.97522429670006
3476,72.05219496595649
1147,88.90516366428713
6046,36.394215471947376
11570,51.78712239724804
3236,38.8630894186252
10130,19.796983420495543
1475,28.96935080884434
9983,285.7724423403015
6375,61.26324480227461
7634,64.78935535583528
11678,178.55261381920184
7955,124.15649601124953
4150,60.14181522507532
10380,46.211760478449754
9207,221.15866752211474
8201,29.184464712107474
2030,17.452007748001645
4454,44.64181486196583
7232,231.23977785282287
10807,17.944623176152547
8175,37.053751221825024
8133,8.16887463334854
5905,84.37203004086844
9867,148.83531949743457
9990,112.33875576929269
10893,88.14644292519787
7308,31.926886460673835
9713,25.659200346604273
1846,100.16767147732912
402,22.125463596775298
1397,90.43192616718115
7824,14.002861185220532
1326,260.78739004476415
3778,29.063843029893974
5125,587.5022278313584
4884,27.906785541452816
3004,52.22034577131752
10291,33.070603117797866
5615,112.76775122597375
8374,16.93019523320017
2183,12.246154742020117
1214,81.98768494797153
10093,49.34776806378084
5880,84.57810215525669
8859,12.109771139818562
137,72.77427067223235
4184,47.17145897215144
3735,38.78687240304096
7127,-4.813480483140779
7745,30.131873158794228
10294,63.80440823287514
2333,46.11144861320977
12243,233.76299440152127
1556,48.00741719364174
7367,588.6236574085576
135,26.817468471299044
6423,7.32780245044907
6169,97.63575363369735
4674,35.0480243846069
11733,25.948282774043175
10125,55.47484957496763
12120,61.86793475904028
5857,28.050966464027983
2827,28.23426811682767
8171,23.295845497856877
8984,86.26888638900857
9554,16.01361491333504
535,16.15164460618393
4568,44.852022535683595
4987,23.880429608280345
4649,25.628069005542578
11510,15.302191926609552
6894,8.799145267820617
329,33.44480571625278
2530,12.82787282403321
5101,14.923012648954987
2093,363.23936015924005
8191,311.2521955429381
8634,125.62475504588193
5367,68.21596705201164
10764,23.915958198632367
8670,43.44975422955788
1139,21.649490962970724
8123,35.39053640405702
6337,-8.492716031088726
8046,21.079042027254108
10844,16.451515656517472
4679,22.85562640360604
11861,49.657286529123134
8031,34.436971407046684
7494,24.257413375105155
5353,84.09167264656861
7647,93.1462632620248
8556,32.45021573048508
11361,34.53486285745331
1303,22.475685960381835
7069,40.46901676883991
12111,30.775451604152078
2189,18.475438421974744
2091,106.2511420211139
10820,30.788952210732813
2824,27.65726519001155
477,63.539590699616475
6558,28.747857724352286
4704,44.511456683338444
2626,5.316704346053729
11849,36.05068036447795
12117,501.66335017426604
472,30.649417008606655
3437,-27.45929949795773
3604,81.35201492275802
981,18.73090511647236
6616,226.7030671350012
5046,93.4876658423305
1395,65.22425491474746
413,41.098948810876294
5702,404.2069175363148
2634,50.039557101532374
2104,28.914155227038826
2346,38.22615761444131
9878,61.976339587934426
1822,25.638760985687355
7540,52.766500659008294
11279,-25.83813121951448
7014,25.433333182398083
6738,45.44796129325412
1007,19.937706529290196
8968,6.1048201693611865
8452,29.504378010601584
9411,7.882120699700625
7566,21.86065343313488
5722,52.0304302831471
8112,32.420062187696445
8342,82.45257085547274
387,44.5482530330115
2368,34.59703735902438
5650,13.770755758936449
658,65.86653712007154
4548,30.65149517464328
606,46.35180282502419
6555,51.365227053584675
7050,71.05993771568667
3018,35.499170637754794
8895,80.41449903126836
8605,24.32066904408447
493,12.647495866249308
6280,99.09104619840893
10252,35.27804358994615
9050,29.13189238767384
6399,52.07846080559142
3067,51.47401562817532
4614,37.4950155042304
11255,32.91401686695116
4703,80.55930269885428
5077,18.853794719500765
495,23.22804543689015
1478,-0.641044387071787
3458,23.777254449202516
9149,22.92696230961
2976,27.718497880333608
614,110.9670537014245
7960,48.2950150365637
10060,-6.0815754721823865
6328,23.307459867927236
4804,123.3315193672922
102,59.75856006708167
9623,110.17614554131143
5721,47.1735854593644
4512,24.905258107265063
5460,25.318859633360454
6378,54.37254442188873
8751,25.99019423044865
8474,-3.6488912700334453
12054,55.42210069235159
3415,12.686739014532648
4468,23.519138979404296
542,54.78525923624477
11945,105.50759528573928
8770,93.70697805062444
2945,29.79782983178601
11928,26.101829217095435
7784,32.525381112942874
11592,71.77745004676615
630,72.3381648353658
9244,52.006996907413
1851,121.62897322185576
1606,17.634980094677758
4668,-9.3337882139882
3358,-7.644249503293331
2843,24.192901979370994
12173,44.24054349053066
6734,26.02668768446436
2939,38.900979204947085
11306,278.67974992563006
3762,18.278641557379643
4002,0.7607425844273337
124,38.56330998244636
4973,125.2370557682984
11614,91.18471853224388
2672,31.822787732237234
6940,67.3634026054563
7962,29.172396041227277
11786,15.741733507714098
8331,229.84524966945844
11828,27.982615363699875
1110,26.088464703929215
15,8.22057569448446
2148,21.929848357270547
1877,15.709714958310883
8463,20.535939085299706
11183,15.685005551019472
7623,82.00075179273142
1522,49.74197573510972
847,3.797201344386565
4498,79.61189468812478
393,73.16382131728508
8325,27.655582708944568
4442,229.83799088132375
11612,92.8580245698802
682,41.289794886811684
7708,155.20033515870935
6107,26.030186841431036
10160,589.7450869857569
4689,55.41243758220568
34,17.75261563614827
10967,27.71946218716021
11028,54.19318956141436
5517,740.7423568442764
931,19.01306382925753
1266,186.42834092509804
8335,133.36713087699908
3276,30.282521958544283
8354,366.0429341022383
6676,45.76324443916512
2158,22.755250130388212
1637,77.44071311415543
11968,32.164674530618875
841,2.460174043463482
683,14.64957226056211
1686,39.805108103660174
164,13.209131931099144
11561,48.286460987863535
4240,28.337078741096605
10447,104.74204950824432
4268,23.747335076050064
1140,42.50545961340944
6289,48.178857259527135
10355,16.98715759914299
2249,37.908232651262715
12147,135.2753430645127
7731,46.42881579611031
7585,91.70873760728537
10591,49.13608721946317
1758,307.88790681134026
4467,66.90639928054641
7228,15.028878342673405
8967,22.205293803548326
510,34.94666233379965
5529,109.81553922059427
3961,38.153257449354086
2464,227.0416757264602
5883,50.32485254161405
4637,31.17057412585543
10419,61.595072481270414
4974,124.64222609053598
7199,79.5734268483689
10226,26.598839005217577
9657,27.288837524886624
10423,26.550909019048298
6449,25.15297578809826
3894,145.4710307658367
2349,144.91031597723708
5018,49.06983424452583
8999,47.060016922310666
6196,27.042351194240723
6083,79.01271205976924
7327,30.95151510685239
3921,91.83371313868027
4351,87.54007240634617
5754,23.61199272306949
4990,496.5041043284051
81,32.892087362142526
1912,11.992828750523145
929,11.541063504310781
5232,19.67725505575499
9698,-6.530214270989958
11705,64.67735282459316
3293,124.39598358539892
10908,33.722833351983546
2028,12.088611393137505
5926,52.33816935505352
1558,15.763185726519325
4584,218.390912980761
2070,43.7305929584843
10014,43.053626195012164
10873,72.3227491343856
9820,27.43910479286039
10568,16.1981896650205
10638,39.95860176594151
1008,46.27974700519634
2662,37.91444496928364
11636,13.511558111317683
8386,70.87700010263222
9027,55.19449218066781
11540,55.67937654267267
2311,95.85973486382125
631,43.311844565183925
3929,26.4440560941093
4641,27.70502087343475
821,66.48816930723284
190,55.394719014744986
9091,-2.1023144330705605
6153,-12.875248527609195
11298,16.307139207407786
8118,29.172396041227277
6062,30.32298053929144
5138,99.14167731132196
9155,24.601026438384295
10791,75.67960638416938
2475,79.6489969124745
3177,87.24225152244807
2496,50.18531103286518
6099,78.28224207154408
2220,43.39002710613915
5225,29.355697694026965
10685,44.20490936717644
2017,29.890870973375705
3638,46.891101577851614
5745,31.048428758985956
2173,18.195694883277405
4207,83.73702997235722
8066,24.53777076940498
11760,35.53862915863845
2216,59.300743042175846
6468,68.77668184061127
11983,40.267754575920954
7487,24.156017484332903
10767,49.09657174052349
12122,30.965551477384007
6707,29.851515764494405
12245,95.38912241642339
2546,-7.924606897593151
3459,256.1117599147515
4706,37.5503223525424
3874,124.08151130193633
521,51.157881710606596
8729,98.94366620111931
8577,29.66752263353352
10814,28.758584955483087
11704,105.58312169114379
4993,91.74447629052568
7117,30.745987395692918
6840,15.028878342673405
8805,29.61766096529486
11562,54.473546955714184
11367,31.069309605032636
12043,40.664931496230544
11366,31.168325412244656
3811,40.99286616466364
5103,-28.92206255681255
11427,83.92359143045216
5043,97.58816976149151
3969,22.44281956441722
8065,24.53777076940498
5025,24.592260999498613
11026,47.75739083627563
9490,37.961326090622265
10190,-1.8219570387707407
2725,19.990954678434836
8720,56.23777302295014
9848,49.933815802864125
8324,36.60805513660717
10982,126.41545070459026
2783,46.496712893728194
4857,35.61577639420203
2392,30.599379473836073
884,39.719191058379266
7990,19.413695761106542
810,39.643470456421205
5608,4.422675803562242
12069,27.672338596247595
1924,123.55491140249946
10177,75.13612630325454
2381,281.23172268170083
11289,30.253321964873138
7369,405.04798971921423
6885,43.70863466915408
4654,7.677715690621323
7678,297.85040146179483
8100,86.74465595369875
9403,63.39069675020886
10993,27.111623807647945
3390,59.78894878172448
1664,27.592974196319105
6528,13.442146396620885
3065,71.2771770705792
2978,64.77960967363083
1961,17.15721198018035
3260,133.41121347923556
10478,29.84412190018471
12223,200.89020387292675
10176,52.2127781081391
2356,101.09740338234661
10501,103.65049452607398
6215,53.79270520916869
9797,33.54149176489574
5852,37.635644272066386
10457,53.63247477281471
3983,12.967096408832475
2724,22.520189495000743
1248,24.334865464594866
7111,37.24953172259575
105,52.94131177209524
5139,364.6411471307392
1650,121.98010891998422
549,81.86608073541015
5475,88.10078719494581
1594,26.121892314847827
7668,37.462263289425486
1130,43.439633477121745
12186,25.825770557438073
9874,105.02240690254413
5454,68.6935187094681
10756,49.69680200806282
10737,406.7301340850132
4948,395.7557868256082
5158,49.96991895374051
10242,26.1070873706636
4116,29.90243874299565
10279,25.2774470615322
655,74.55443740369824
2917,28.793265364068453
5123,24.61832663210199
9903,30.458733148194334
7006,38.29537486787805
7655,62.71485106449439
6764,54.073062603468514
1661,18.563432088384417
9810,27.115477548197028
8373,15.589593131273052
4617,47.45181636645126
5411,87.1590848976499
4249,11.657545800711844
8706,90.32996438657746
1331,48.64200482648293
7910,18.955911237596073
6279,-3.504101404569681
470,28.23690712539632
5075,13.490398364636626
6830,47.13406998042472
6333,21.525175338110884
10880,69.32590436555506
3241,21.510172296836082
9477,148.27460470883494
11463,14.539952580787372
4594,72.61290975455614
275,24.546500346550452
10655,100.39174370448974
9991,92.19454319780871
9215,32.88176116908407
4404,156.31627809113678
3124,17.99828416307982
3709,11.167428216325305
6310,32.011646308754905
7930,46.534166901482536
5679,-28.64170516251272
9822,24.417275075056175
2223,52.410042661789966
5259,61.56154907847655
5412,102.49919035384572
10039,38.52204087922191
8111,53.046858053308114
8733,13.900404955110432
4456,35.43810954192385
10244,33.693790674553846
8503,18.775182489120922
1811,25.448661112455426
2550,36.033598245743974
10561,136.77550221083345
5506,29.010443581594934
9754,464.16512434139736
8852,25.64511165049879
5528,50.32414919228187
930,16.149316360510586
782,27.80543312847788
4719,22.570432528146462
8508,19.51360509210847
3468,243.398553548722
12067,44.376742662360435
6846,17.987728927985895
8883,230.12560706375825
260,24.518514764549657
8480,23.945337259375748
9792,63.58975431636001
11098,20.499917315745336
4107,23.761078612290213
11677,200.60984647862693
9750,40.83951447568342
6882,33.87625661844703
8655,463.3240521584979
7721,65.77828826907319
8881,21.981619969216922
7351,35.98237214120804
9946,49.56543136391715
7612,13.129929976424073
2180,16.311260094442297
5547,124.9225834848358
1555,16.049407029508657
9780,24.96381458777703
7722,60.26401702935091
10839,33.26672747459353
5629,53.79866915373621
12027,26.315634910800338
1349,123.83526879679928
1660,33.80650439519884
9537,59.415185135650454
4930,89.33090436538288
2977,118.03011911327572
2519,68.07342615963398
4955,130.81970201363964
9882,47.47703344197581
3682,23.75118881659914
3009,20.772628949158463
10736,590.3058017743566
11888,27.228516947862897
2034,12.126024225933001
11245,21.937726056798827
6537,283.1942244417996
1013,29.76878715435631
5642,23.28389174731669
11417,105.22723789143946
5726,26.030186841431036
5468,101.40763537167538
6053,29.290800975894758
3279,144.50976281281248
11341,50.70207380822555
3667,42.15752843194272
9712,25.659200346604273
3295,97.40890183260998
1992,4.077558738686385
11406,57.85288978330968
12072,67.03221451023387
5927,12.288857793524603
8466,14.059589141915154
7999,74.27781941267025
3348,54.34100066234345
2592,54.442739148405295
5727,22.864351436745114
9001,46.56939087045341
6900,18.554119248840887
5964,69.71869690556498
2567,18.461969733793143
11817,46.09607097629544
11472,52.36262998366953
11601,437.2844873169996
7746,38.76657833811327
1891,27.047941821496167
1405,25.04226912261018
4482,23.36126167790021
10372,33.1621185633839
6589,41.43696954753243
761,27.765630776321693
9516,22.766008592147976
5105,83.11575591908453
7453,27.076440589684147
6510,84.23054410237012
10805,23.54279779893382
4288,83.10911452517082
4918,23.682609890400023
7394,24.76304864939933
3359,23.75118881659914
1053,5.1867548397899945
11485,47.05283266134923
9915,71.2167352581665
6296,25.326335764787856
6270,52.14781279296395
3915,67.60959888443213
8734,16.747765322549412
7089,52.2306878013156
9009,18.380460882662558
9161,8.831400965687703
2526,11.479644636522117
1624,24.63903529022777
8248,284.0352966246991
4128,23.763458695850446
7195,131.94113159083895
4628,21.658701061771815
10255,37.2202602894989
8091,39.23246671834135
256,51.376819886648796
6530,36.4568485771015
4101,24.35517345556233
88,33.205423259606015
1696,33.61050058785145
3342,11.385568903086924
8826,189.79262965669594
2909,27.6789562218217
9812,29.52798743140736
2325,92.64607427103618
1589,21.901726456166244
5265,102.14330655414139
334,22.267448921609393
1622,21.07208614703484
1991,-14.837750287707962
10170,125.00703667089535
2162,8.607308807269227
4954,50.043791797982045
10288,99.17470750726915
7554,35.1101790097572
5863,33.14250171334022
9129,11.971597538867112
8250,51.569503698367285
8291,72.33416083034484
8014,23.34084542757076
5559,26.141641939118834
4140,55.132080187905856
225,44.15596787178435
5304,47.73217376075109
2280,29.616488244698207
11878,10.131376393447308
2033,10.975657804617093
8760,164.45261170470724
5646,29.52779863054464
2001,82.90459765741068
10096,27.428474655963477
6392,23.411504711045936
4205,44.56106305432104
3883,50.909000705947804
11205,25.66792537974335
6594,36.6745728662472
8890,132.78220377373842
3457,19.854136012157
6412,34.54946422115756
10316,54.47472407779153
6025,92.26955249294906
7071,231.23977785282287
7671,27.74046599205733
7710,103.25160281462718
360,105.7879526800391
4211,36.89358789637894
8328,742.0168187509581
848,110.805249465875
8780,61.13526740503495
8864,38.84233467491349
6994,66.74211143372959
7221,47.73430024796406
11676,367.7250784680373
6903,31.304225714494766
8375,99.93211838130841
1474,15.591622505998188
3844,739.7739595965595
9945,44.35715489626153
8371,24.365345423750487
11345,33.85200270198419
11848,55.068766226806375
8520,236.5598739631708
7924,36.262729535507866
1792,67.4758377511664
490,47.86144712603629
691,48.95203234480872
12185,23.663764335015866
11399,25.821471822795612
9046,36.82344432410751
11175,72.27878707413134
9835,33.23113791332824
6688,46.924083427640966
332,30.342818899876033
1826,46.8000522719482
9353,60.46614778754116
10173,101.38453646572056
715,21.752032217551836
8631,64.93646094926233
2812,30.329501942955957
4609,400.9246395275993
6355,55.32967323461126
4878,24.463389243260927
2649,83.87882493349511
1449,27.28493947614605
9105,30.80083692467053
203,18.51222297053983
574,109.89914132571641
2556,19.990954678434836
8724,30.579937895495192
6595,21.96099181855982
1639,39.81504252463435
5164,28.461353101769966
11480,40.53823402227665
10973,71.01954099500986
6388,29.36110058762064
5595,83.99779278931054
8939,46.884674016364414
7272,24.76304864939933
9438,136.49514481653364
127,13.728807066957707
3663,81.13261494001574
7044,10.386422714044269
11353,23.823155193233646
8412,-6.642290260782033
11611,126.67540631925259
9628,80.46844871243161
9854,66.1911423273344
11980,40.81859141657647
1986,27.608656610095814
3108,58.33169346203671
10346,35.10500347343899
8666,38.58561021012201
7859,98.98995673299063
7594,77.98042895724245
7386,33.80782121007936
8846,57.46493434307719
1070,96.11393489964219
6942,45.632886260537745
10686,21.657368662499003
8530,53.38662186100743
10538,91.8541209140813
1626,20.775038725398783
1976,-7.0563396375393665
7759,741.8637864214757
3224,32.067034847667095
302,32.42334089310856
1849,87.81159147248337
7782,22.15509222113132
11328,26.725550409498098
156,69.20074191746377
12229,81.30952089533108
3052,94.66901525316598
12164,50.40650354681662
9101,49.580644231026255
4860,18.839356345979294
6829,99.37140359270876
100,151.17836702710952
6545,26.577724618993457
10747,125.56775145949499
496,27.478659664077973
8104,24.252576893945406
3818,40.03518257603331
11794,75.36114577731232
9647,75.39924898986956
4504,83.96757516713984
2583,78.77082250522531
6828,-3.2237440102698542
6314,28.74412467075826
2146,20.53727148457252
9444,80.69485642556819
10105,31.490300390643405
10896,10.715107384956951
10922,38.37657629094846
1459,11.565309437333354
6654,33.940606552774554
11884,24.984139626687025
7143,89.20475328254683
6114,497.06481911700473
8828,150.6663696522948
811,39.9854798381239
654,88.95011747748529
8979,99.55067152159027
7796,34.5013213413742
1926,76.03938291714549
1481,-28.580729075157024
10131,33.174711723341694
8158,24.35313315070157
465,94.23195415598377
4457,35.780118923626546
4744,35.292644953650395
58,100.10367519760638
2125,16.32390051511897
739,84.69543000987133
3539,47.12081918809581
8757,33.85648479283951
2565,1.6161553495068617
6061,45.58774361321083
10464,28.861895569256628
3675,141.88348698169432
10884,83.64323403615234
7038,31.5489935475293
289,31.630024393632283
6666,92.58554847342515
3446,41.890710061798075
6714,150.17553386276967
1999,92.08587887083138
1727,22.629759239399846
11913,21.998998163153697
5426,35.573002347950215
6010,-5.374195271740426
9984,264.99275095926157
909,13.240868283156043
668,44.52090088483049
1196,61.98578141283704
554,66.34463188242786
2324,137.0591495712601
10066,22.48565119784815
7777,47.69767102463701
4097,22.186030290727942
7639,78.72844268318062
7214,78.84295686014373
3032,62.40509133614768
8124,34.263931290539524
1995,73.01703211626764
1146,108.24322309389186
11900,26.111033810925473
8500,28.851534993374017
10114,14.620303930514801
9939,61.66580400085003
11881,25.303347187669527
4187,23.795265062219343
4622,20.593511244352126
4025,20.134493406456826
5386,47.41059925416571
3318,5.229574906313747
6386,30.11619074501752
4514,44.81715776791207
11243,30.906164982100705
9052,29.585246334656244
4749,6.4867302675496
4446,105.69378041121907
11571,30.495094209852255
5363,35.6519642503259
693,216.97547774991637
170,409.501732626529
11896,31.44868280654448
3026,96.14009225812109
11290,30.70667591185554
9061,258.9153338577497
3734,50.29954092744759
1762,68.25636377268843
8040,30.180481738709965
4783,59.61458717941895
3475,121.91363685685094
6706,21.083864226349032
9031,36.88116561664742
6033,62.88304590397961
4536,21.595086895820984
5223,26.99522019561438
1168,28.770867289617115
3207,21.340052248640895
5147,46.893228065064584
6119,106.53485259411853
11097,24.203850972958406
10214,19.96854664101668
514,97.69250736843301
3494,39.544192888092184
2109,97.12854443831017
1238,221.79995793244424
10189,23.35524341003272
12032,40.519316554541156
1786,104.29199343971995
8447,26.86775986736383
1694,33.53624610021485
8832,91.45623759838108
11123,231.24703664095756
1562,88.28197566682788
1526,25.808107309629392
4998,86.87872750335006
1086,18.84378948268424
11134,83.85435782697186
6497,163.33118212750793
2871,22.60745902219856
6575,92.54990988724889
4466,45.802653850441665
1595,8.04659401866958
867,58.947876598825005
2029,39.999548452679086
10754,54.50805143820672
9123,27.917512772583617
11079,91.16725504264559
6043,17.976700767046925
3641,23.514907667919516
5803,23.416341192205685
3597,116.63983753448655
3974,28.68672644764517
11154,80.74880610673144
9696,26.250915106316157
2849,18.755795816274567
6870,48.802963553894756
585,63.09776916513372
1689,35.338141004533895
1047,20.956380312486587
6453,77.4197141686428
1035,17.995110689956046
9242,83.93618888301398
10826,37.78097507809855
2816,24.83358143528556
9169,32.790245723498046
4600,30.03558480423812
1709,59.104036007562826
11808,-25.55777382521466
3780,161.90558556119262
4672,22.754230512833786
253,41.42001902442794
8777,71.1204838770641
3361,26.163698699809473
1162,23.58586988051803
7794,41.50669464819095
8458,28.163780771440017
9382,98.47680858671434
41,27.478659664077973
11886,32.37014689451738
11499,28.351945583615034
11690,43.015286924956385
573,95.6694798107232
5231,24.0247459792538
2806,23.3096301259176
2958,34.37731828311433
1535,44.330496037426485
4852,36.060476317926366
7574,40.84633420905955
1296,16.014199006948157
745,27.199914257287666
10139,87.243113665093
1242,48.48557236106923
2295,25.602983911209826
3636,30.078187226085834
4737,37.020285370332836
482,28.91266037221468
8346,18.23955191466469
1244,56.82150166164345
3665,49.203422964414756
1166,35.61849839883372
7371,276.71724816553126
4685,19.142910379809447
999,23.083476610389265
7246,36.83989651342297
751,221.85871590507836
2622,20.754014712921514
6300,21.29993864453523
1311,50.38501678536677
10939,45.80217455784043
7846,23.985781013944408
5128,405.1371717213078
3670,43.34653179630891
7331,73.11828662291373
9651,50.2553903094495
9719,21.946484322807684
5567,146.31210294873617
9613,406.4497766907134
16,29.44356896215465
5632,55.844526119904415
2513,104.8527082283196
2524,34.59703735902438
610,286.2781557790977
10409,54.30067111515229
1929,68.0328773903295
3006,45.76966092184512
5342,110.38593812155773
6213,6.998848711852673
1560,399.2424951618003
7667,37.12025390772279
8334,263.87132138206226
4797,30.427563970330006
2756,54.46006773919179
4606,-4.345173587469155
10005,200.04913169002728
8871,26.817055986751484
8241,37.29792076000098
10949,93.3908819730843
8817,70.37566307526703
4447,88.63080860727277
4735,24.075622456519163
1277,90.3070507328503
10557,285.4920849460017
10439,232.641564824322
12021,24.984139626687025
712,26.34094971290478
7528,29.921815376220287
1122,23.50340281871929
11773,13.165569099927009
10293,81.64607402865278
3737,229.55763348702394
1501,18.732706434957706
7274,21.364221620648856
4666,13.367584319219414
10556,398.2790033743066
3805,63.815786508974426
3234,29.726467951633243
7682,108.44383715272608
8869,64.28483287547873
458,34.66292134209503
1307,87.92911739388377
6477,124.17259155019167
10546,27.37777077535113
4560,44.10157483074416
8189,32.109708336128946
10118,27.121998444276798
3054,73.2342563507209
3835,51.22608896826624
3398,30.451585761975352
7521,42.58137162887393
10002,32.434505380720545
4926,37.36479136661415
279,26.976281454667376
1614,19.00195878941247
7163,6.760691122501331
1740,26.935291769597484
5449,25.96308937306393
2739,35.399762526238256
9653,26.879196399517404
11507,71.2998983893097
11215,115.571325168972
1860,68.94728951770176
10085,52.27895146598724
11509,33.79185270192789
8841,60.82473181795056
12047,100.62581056691826
7330,7.55956350045232
11939,82.76750360585208
8947,67.44280294360972
5623,84.58674202320962
3438,-29.763134739712015
2142,13.342511473245281
5371,30.707921364629826
6383,21.08664863708283
8402,25.481640739503064
2770,24.50263443385773
2211,96.30261704879052
4076,6.2063728732497765
10798,33.57164530768437
8748,61.03435769267077
12200,399.4004329515059
6284,90.80519221552629
4838,102.2188329595459
11060,53.60808620798326
3713,309.0093363885396
4526,13.210040970336802
10528,19.915075872808238
12097,67.52050995165264
8169,55.95741562865031
597,22.764359866176825
2352,137.28029703011896
6756,14.368883380331592
1512,242.27712397152268
7409,19.430260585318436
6797,25.45939881500146
10527,19.93920252714569
11232,56.602243096734455
7966,23.985781013944408
8580,34.717328801346504
11844,368.0054358623371
6214,72.55757183431407
7306,26.307045078764183
1442,29.330156184776058
6629,110.37625400919393
7215,78.78630434663268
1884,8.465125013920854
5704,405.41752911560764
5741,48.01253115505091
3486,21.742921859545817
6957,23.69186210534576
9283,14.180762349410255
2932,460.5204782154997
4750,11.175663849189487
6492,28.393147737734527
9313,54.55794696547338
8223,103.90097732534484
6893,20.438554037675996
8514,406.8193160871068
3115,38.644034407741806
2247,29.517472437486187
12260,22.484002471877
3147,24.895580253194517
2720,26.069189627832138
6263,99.70239209992161
11002,165.57404128190655
4664,23.447341163317923
4048,46.33251327646494
11087,44.63751229056135
6364,118.04162450598567
2782,47.94122152058039
5903,37.435385217243095
11622,58.86672131457631
3377,96.74709757859203
5739,49.343008492079505
6951,30.396548139317343
3821,16.831144535510177
5801,24.60453087874992
5021,4.575929568586751
12080,55.9597339369725
11754,73.74298939595482
11231,63.71395230192201
12215,51.82023746271041
3106,68.35378355393381
9442,91.63382840920907
2572,5.229574906313747
4241,36.739927976033016
8217,93.42662065632462
2291,21.549559207703332
4496,97.75356128335696
9399,37.128008968290885
8487,16.605157014753928
9734,63.22574656237338
8319,53.46894812266483
4567,27.342387180257653
8940,53.07175998421506
6075,132.2457012997998
5110,36.333669039744485
6763,72.8379292286139
6539,50.72843151546782
7204,24.39634031428943
8021,25.26601518776413
10581,127.76027231699682
3910,18.278641557379643
2444,33.80448119360893
6496,16.229911883591612
1796,66.92914408361084
6318,33.59589922414721
8064,24.53777076940498
419,42.954665748659544
2769,27.725540855933936
1831,164.39540209523767
6681,19.680428528878764
7688,114.9495825591093
5024,-6.803177320393857
8926,498.4666060885039
9038,22.556697233052287
6863,7.608159844748894
576,92.83616952177013
9993,81.25557121416784
5647,26.7619937999409
11001,17.327099287599225
6911,27.44260923322601
5112,29.3431059294578
2521,43.55202992177828
4171,461.0811930040993
1951,100.53668859374696
6019,132.19141172721464
10585,80.1880913181318
6073,283.5295831859029
5496,17.67221671840965
9667,31.529074711617916
12135,12.272741235680659
6172,84.86709941750945
2540,47.948404667326535
213,21.029073880525765
11683,81.02916350103126
11822,20.457326854919867
12246,142.04637273321595
5087,16.47217387895663
9962,37.729484713806464
5826,66.80268781685666
8366,41.93219661781286
1259,26.80204599158975
6527,36.13371713654986
12174,33.4069118765895
1498,16.62115095562733
5740,47.89849986522731
2163,31.633397464048443
7734,34.088974688144965
10900,221.99973970501424
5733,401.48535431619894
241,29.26871013695473
9131,24.709246839426353
8685,8.449232027648364
1809,33.93363202840309
1062,77.72107050845526
8935,63.27556585309404
5656,25.159496684178034
4820,31.893983032740742
3285,36.089024166393806
8094,53.633651894892054
7420,23.981302904318703
10654,87.10995857190804
11039,30.21473681555243
109,36.43176989907544
1537,57.31368650532136
11065,-2.8509787230420116
11391,33.54708486889336
211,40.16583822933526
9948,55.31659007283867
8299,34.36933208244479
9845,72.74208208148562
6580,59.70330224075126
1972,90.99264095578079
10051,26.04235552810271
3949,79.33153729382497
1565,35.81287113843146
7979,23.077280627951257
9508,-3.1313361173418315
6339,18.273761854541064
1065,54.01065061070656
2079,586.1004408598592
12220,33.27557756362001
1219,67.75619514546622
1417,3.516843950086738
2298,82.68988567506949
8660,41.70455314794532
980,6.396215204456315
5373,30.707921364629826
4149,81.63237231705784
3785,27.643118174489224
5171,14.187806159773935
8880,742.2971761452579
4733,27.490251675428333
8142,62.46832473916071
3508,19.57197729937183
10161,406.1694192964136
12078,75.76289537937637
3043,58.230783749672526
3334,44.08110007336618
957,28.633797832739003
6743,31.64652906637401
4986,22.683201057951543
6776,-25.777155132158782
11441,35.09236462561558
7292,56.68559830280389
3705,14.224548773850998
1076,64.84018605675789
8326,23.863268797339305
4300,50.828900829816476
11135,16.758904453620147
8611,8.55104357138788
3514,16.88461530371862
2676,12.422572190649337
5780,24.305103373553628
3988,29.00006234510866
7432,47.712257221531026
3745,101.65811817094625
5162,23.816966982565255
2506,12.786019188274814
10739,408.6606604436296
3784,8.0673803211833
790,28.492311611115078
148,17.188647893746342
1321,18.617331237619037
432,39.21764847384792
7091,36.83989651342297
1060,29.145599597600334
3121,34.77470421130256
12161,65.58617972577171
5328,65.90103925083012
4036,243.6789109430218
1315,28.360478779192672
1706,117.18904693037625
4455,50.828900829816476
3529,20.032796455752475
7479,14.769371290718531
3182,68.0413905611058
2949,40.64618028655965
3057,34.262537033015825
4410,78.17163987686978
5095,34.918663856548655
2203,78.00142790275507
2865,19.02715673912306
11202,30.088702220007008
3612,36.989607563942755
6651,70.55609393902793
8643,37.45115052109655
1731,74.89649761994438
160,41.94499633202451
1341,15.15562057736663
2985,29.89684563899803
11396,26.11851924443167
11811,91.19345470021074
5104,85.00025451069442
10430,17.912056249390552
11072,104.93374718042612
7441,7.888517239048717
3408,40.56026324127873
1615,21.76519679751898
9781,27.70876373321665
2099,31.284604661380946
8130,26.587334156017352
4084,28.445143374319855
9135,26.87839000426074
9310,79.5695148660801
3648,34.65767567741415
10954,27.395834942496847
1087,36.128679889515816
4865,498.01870404836825
1236,17.437569374480173
8295,48.44400178671785
6146,26.35963762485659
7435,31.889500941885426
3517,225.8303857965988
10285,25.378842952304453
2810,27.884428585720208
6551,25.3044614261604
2367,38.36367701344198
4841,61.313064092995276
1134,59.38439340186265
6985,15.585370627643872
4395,225.5816375578019
1012,29.174692311084193
5359,25.268014246316973
6886,35.81847331799979
3088,23.555128119726216
10963,57.35920260014943
7849,5.54410538076154
2595,45.98347933218296
11702,92.27545473317048
10902,75.25904898930415
12084,233.76299440152127
10175,124.99756819414901
7465,28.116649772813677
7381,365.7625767079385
1685,25.808107309629392
8357,126.91920013409734
840,18.560647677650618
9830,41.07154985340454
10734,27.421900575100224
6519,64.7169360086544
10853,27.127747427448334
9314,53.10311487044582
3895,105.41342301691924
8378,147.7138899202353
4519,35.111669915953506
7419,51.091348530939804
8811,33.683310811134135
6895,10.99133545363662
3007,23.794458666962683
200,86.95867263326994
6536,297.2896866731952
4408,89.11061186051066
10389,55.5846345029154
1568,45.65564071082872
1712,47.3161968862727
7923,45.7837191965431
381,32.4450319249187
3971,34.831312521653686
11967,88.70715771379753
4760,48.99834125207164
2010,52.116524787937266
3608,65.68125823965735
9883,47.72574619926389
5853,37.18382323862289
9869,108.77771174851712
6512,87.71979968624954
11348,25.022989793369703
1827,30.038664685236427
3189,54.66136040007895
9395,54.02966291126448
9020,26.841641049976975
10270,19.955906220340005
7395,22.233813832833427
5124,256.95283209765097
376,39.41365228119532
9071,179.2110409094534
568,9.037339623168762
7004,5.417001751486222
7249,19.960785923178587
4317,49.607001938268525
4387,21.90076703724054
9598,31.738997413338986
1344,28.229144466223186
76,26.648180478914576
378,41.455470381212464
9414,23.362778790058936
10257,27.158747398560564
4988,15.24805086740123
9588,-24.09501076635984
9003,24.96603611311563
3857,88.83025446621083
10975,33.51149530762807
794,10.90176162223235
1645,95.74190226019087
7998,90.4840632771323
10061,29.247630037107534
8573,27.637155378283794
9423,22.205293803548326
8490,-27.2399181910136
8690,120.83369305627396
7945,253.3584951262011
12208,113.17982795219217
8092,42.86172902317375
2019,26.420446673303523
6123,61.873778881594916
5525,134.53264305643484
748,41.93094418227978
5165,32.57946394887346
4170,22.290075133846642
4091,26.63253702143877
10000,40.80951460508049
588,46.92076754489192
5473,96.51430682661558
10763,26.44519301519827
10135,17.165871803353575
8784,46.63596125907634
1022,8.326951412969404
1,24.690081449126872
586,48.59846301917511
11416,70.9230758539012
4953,134.25228566213502
4314,296.16825709599584
916,67.4474801805357
6327,20.158196643376172
5387,27.782677740608356
5586,65.76065857781077
4659,24.041436006590033
3357,-6.49562484893972
1934,49.62459624426553
5699,24.898684026401813
5091,53.23199042056904
11520,141.54486788005727
4151,53.092638620638205
12,52.71448037042354
5438,498.29906144266806
7064,78.4480852888808
4646,42.58720509195478
696,44.88914546925868
6216,84.05248909782628
7383,74.01469672605526
3603,62.41324440056391
8358,126.32437045633492
7210,365.48221931363867
11563,42.84939532223916
8543,47.97514216332419
8707,60.46118994695476
8420,22.794528621433074
1789,87.22902163577365
290,31.729040200844302
3123,26.2897332953549
10467,29.654022026952784
4109,23.464031190654154
4808,138.1805791484594
2377,17.717926768779996
7687,27.138439407593104
9340,14.843933368120002
9857,18.19241364369038
10309,126.18546983448158
4221,109.36465267109115
12042,32.26208226129413
4470,92.1140705329801
3407,12.649326181737152
2714,76.8238025865339
8572,33.1330758859542
2192,21.33575351399843
6440,25.54665225625409
1453,11.527896604537858
3799,122.75040279905505
11752,87.67067336050769
5555,33.37989176417491
11819,36.30850604103441
12160,74.2740800093984
4589,107.3725715983132
6939,54.49442559213732
8686,13.13816560928825
7447,30.127287740118796
5513,35.20626816510805
9141,12.112765030835913
8436,72.06084503015589
1222,62.47407685425581
12077,80.9713018375792
1940,12.225304399675167
9446,49.4614132541399
2616,28.439347556509013
1125,5.084943296050479
12191,32.374732313192816
8032,24.148532050826706
4592,122.4743516454506
2979,80.85225754571593
7389,28.892038646927453
3170,101.00874366022859
5447,48.76255403204697
5228,10.150263270737149
3029,50.93638238355441
4655,28.498337372911024
6805,219.5123425579603
7709,149.864084511797
1218,67.79306876533417
8532,48.575372430863524
4471,83.4370780007109
2438,51.39158655264114
7286,98.19646842229699
8925,100.21247577560823
11505,33.833990414350176
7055,25.14912204754918
1371,144.62995858293723
1129,35.77215831917964
9960,20.219559921445516
11201,-5.240503289282913
4133,54.20824365741197
4121,22.07780988968588
6418,36.13371713654986
2097,50.302690523709366
8964,39.117529583042035
9778,43.25295557187451
509,34.352567490527534
5894,110.20572485399062
4950,262.18917701626333
1528,23.787327687032445
10241,27.441568837012078
2590,52.39688218223709
793,12.537329793638612
1064,40.09539991893418
377,24.170579974380892
3739,105.41342301691924
8214,498.186248694204
10216,403.44785607629774
8429,99.27031412729045
4388,37.08443397231433
12037,50.255379230642305
8218,107.65628217131783
10945,24.423424838087378
8148,45.5893909507075
2695,114.44360405116534
3704,11.377188406412017
7078,88.00015708054937
5033,20.242792043449562
5693,17.373395517621805
2270,28.428298558153976
8105,463.043694764198
5451,24.743746637560754
12058,34.66630493949983
8457,30.92958560204376
8715,78.54114374584209
5767,28.364751469246418
10328,104.8210931052247
5723,28.050966464027983
6866,22.780130638971112
5816,68.11950191090295
97,-1.6863895099346777
8210,63.384629198240404
7918,-27.520275585313428
6954,39.15737010988448
35,11.686599684612872
4941,22.18112443154036
5868,35.85335974225004
3554,42.02649030335513
7828,66.88208815501007
445,35.35603199257917
9121,32.8193384369819
1710,48.08199338721546
2069,26.22095760305836
6728,44.560251405069195
3290,363.51971755354
3284,34.54237399582825
4247,37.98761851610648
8510,26.30047099790093
4559,68.84926715203483
4034,234.3170148087722
4909,62.32233111537997
6607,52.62787593976536
2433,43.90559924741189
9228,37.53550410804898
3773,35.5673873567968
398,22.219203255790248
6109,26.421999333418658
5884,49.559056040671294
2653,29.81042299174381
11654,21.492648528810548
10164,277.8386777427306
1061,17.741123408310326
3425,52.39091823766957
8330,277.38387473209946
7513,125.06404025728227
803,106.14383647974344
166,260.5974782235487
3248,14.149837676145228
2224,36.42889277534311
4017,32.383502520836885
6369,65.0725836481012
9503,51.59305079322424
1421,95.62566800139274
4274,15.108482306392318
10083,98.70188822610726
8277,102.8094223431745
897,4.755989557454086
5459,28.18714293575264
8868,63.90403535997277
3531,13.903226261844928
1675,70.49297328620716
248,404.8496430477968
5064,31.292657944874826
12057,34.072210096227714
4912,55.50243258297843
4892,148.70386789219603
1042,23.03690230571911
5790,13.928299107819061
1308,35.47804594331561
10948,112.72894140268903
1576,4.804585901750656
7711,102.52906494887469
3944,73.85810429916711
10338,41.55287877716042
9876,64.1166380359935
1841,186.14798353079823
8344,15.35711748212103
5582,12.881431608021238
11156,43.333983589311984
11522,83.9632535528302
11855,29.114118178729097
246,19.67913123812626
10381,25.19420533360104
1653,64.55982866245807
7747,25.279259903380073
1739,19.931556766258993
12014,52.64298737796935
192,29.39447557302892
6686,69.01138585593125
2713,71.77183757165668
5369,15.065620956750472
12108,29.983325146455922
1142,29.237115043186364
7247,37.18190589512567
10172,109.89578814701161
6481,139.02165133135884
2858,1.816297585626053
8973,48.25549955762402
7768,132.22148898513876
5503,24.15783032618078
519,51.05524538006342
94,25.52009041601852
10026,148.83531949743457
7856,113.88918080317305
12258,39.705122443824074
3506,-9.816749809142756
5661,19.764116948564496
5773,26.18878379414223
8753,29.464822106407297
7238,88.00015708054937
8399,69.85245803883072
3258,130.84391432830068
10552,742.8578909338576
2853,22.014554220706565
8996,40.6764739980525
2545,-6.77598224323954
7815,103.62061993104501
11944,128.44842787358795
9802,27.50915401635286
738,93.31597277500802
1225,43.27167252747846
6529,27.179751203457684
10878,63.5061039566732
5198,11.45602124348931
1579,19.976556695972874
1743,28.49050989531729
5303,39.310019622761835
3941,4.918630921585859
9783,17.267514993442816
5675,1.6018147673268004
6836,22.51656583935161
6841,-8.134605443343816
7643,52.262042687546355
5819,69.79953258568719
3545,23.023156033365538
11946,71.20343324820101
5263,117.48090971738601
1314,43.62524185311207
341,18.253173752192744
5786,17.99340446024124
5311,32.862144319040404
74,39.03667343615104
7905,73.39864401721354
5074,33.9887494325579
30,24.75703038153184
292,27.80168322778504
1231,11.199287242222294
4740,20.593511244352126
8416,25.323763437998977
6891,10.015644211970066
3728,13.682453161701517
2694,255.83140252045166
12068,31.14696647220624
604,53.533473756121985
7191,132.80641608839943
9204,24.813291682545053
6997,50.8855673302137
7241,70.31628531403258
11401,27.408104821748157
1120,33.890857982151275
9033,32.894354329041875
5264,67.83914451660314
3900,101.65811817094625
2647,-4.977457192242461
6788,33.785289492336005
7968,22.51417122713325
10988,83.68289615853037
9561,18.941175671262208
5227,19.597481854776525
348,100.57649447876827
6138,55.74278763384257
10374,23.86271004948773
10420,46.50715593360822
4356,58.58187266355197
12086,95.38912241642339
255,52.707297223677394
5540,21.033662643932026
11950,66.61860531506127
5994,27.881620140085946
4215,22.770920540170017
11997,44.09402775477398
770,81.64653080314196
7053,48.251671437065184
2446,19.99849005846105
7434,29.95976474177106
7454,29.10680784493387
2665,68.00819496913535
6258,244.80034052022108
5713,107.93328638691284
9079,79.90773392383197
4566,32.663859915136705
12090,87.03411804536836
3208,36.52371918371468
993,47.380506731980745
2995,42.84747174685187
11246,38.475958647551394
1842,169.7216654946905
9813,39.67824437164169
11815,32.58006959623845
9642,48.81621434622366
5182,226.67145797949826
6508,106.81520998841836
10275,-6.810571665289785
9461,64.08577975215799
10768,62.07976220841836
5532,78.73235466546942
5572,87.1590848976499
4439,14.967693473101406
7564,7.888517239048717
7862,94.88945281382962
891,11.845666831633178
5493,40.87625475893278
4397,275.42137297200065
1217,59.911277121496155
9160,24.700042245596315
10554,278.2249469149989
653,68.30150481777162
1549,12.225304399675167
8915,42.21255401211269
6505,230.95942045852303
3330,60.471991910095795
2081,403.73538474980865
12104,39.36311306212138
4472,4.295572174286924
5990,50.44807412116799
8526,366.3232914965382
5738,38.05573029283005
2711,48.84848937654122
5724,30.59629959283777
9473,17.490910021799817
3134,9.300296941359779
600,17.75261563614827
2326,79.47753524403302
5179,17.725687486618092
6446,44.529616112650814
2525,34.93904674072707
1434,51.555809999337626
6522,45.76324443916512
11045,110.12598151852502
11055,32.70848915579168
5117,45.13237992998342
6148,-6.24246253179421
9147,21.639756815853755
1089,27.87333159061893
5581,36.34083371222619
6041,41.1566121532326
5617,74.69917648206658
1649,80.23058534555872
5126,403.926560142015
4238,24.707299457717326
2777,225.55002840229895
8243,28.812949844053314
9997,19.36098149186399
10623,70.97388761603001
6101,78.22558955803302
11810,86.48004465068243
10629,95.19800187027815
186,81.58987828963092
12095,72.839501862731
9331,66.11872298015352
10048,57.42493199964151
204,274.81505418545987
6556,29.044905145988345
7609,69.33739662921093
1136,47.596554280572526
9933,126.11469153065293
5807,58.33027004786592
8870,53.749305516964654
6739,28.663305827702114
5670,35.199021250848475
1472,20.30069113347804
2975,18.628899108355288
2278,47.876911674872346
9259,24.913847939301217
11515,55.141743298051765
7675,28.532592449753487
11355,24.7037822323872
2108,-5.466603164668449
1439,23.223113741466122
3814,51.95230134124078
5910,22.174415920657584
3332,58.33169346203671
7414,9.199789147454553
9406,54.755875284239025
10891,32.35904989941611
3047,46.391806007509594
852,96.35177431185785
1252,24.280945007264986
11111,65.02546493717206
1426,82.34388286881104
3878,69.15430696752881
2041,-6.7328226073315065
6155,24.202333860799683
11362,27.240968439185394
1108,46.05002939495215
7003,31.76033159188478
6606,63.163403298279434
36,1.5611887355690968
11729,27.956549731096498
12070,50.877524316306776
10683,36.792323375556144
6542,28.496231388095566
9635,28.273045995829627
7582,38.57573226217788
6346,27.162251838926185
6742,10.642352551228594
12123,39.772748271294155
5402,39.62794458594043
2746,5.229574906313747
1467,4.475632163154259
1034,16.95256506575687
7495,98.05327793006985
11555,72.55914446843117
6980,34.82982161545738
8002,49.1339607322502
1188,57.670068961072886
11649,38.29019950240611
2443,4.51783196810274
11765,28.549904233162774
11312,125.84810885379481
10570,48.819100601836304
1094,6.229389076159773
8408,27.481067202055883
3804,84.4643991686881
10801,27.569194919186444
7470,11.271692847936443
1885,18.336973843319214
4183,38.74930483416219
9220,43.73011162385771
5362,37.30064276463266
561,76.03362180422437
1918,19.071160883833258
697,18.760329515943134
5584,107.23552873401043
4417,47.895233942512874
318,26.679234033031317
1698,23.223045424419468
1313,30.37603647515483
8479,85.17391867502558
4313,222.92138750964355
10574,40.52915721078066
1058,53.086814080212676
9080,53.666979255307254
952,50.022333129409546
2927,28.706111166830304
5817,102.42366394844122
7814,88.28051447484918
10867,58.49636891950374
2038,20.47365731862169
7275,30.131873158794228
3947,97.47320388905715
10185,27.9926886015298
10766,101.33390535280752
6420,25.746261973117882
1262,-7.336697031839186
9223,39.26314452473143
8283,91.17588020408127
6550,30.465630001393095
4429,69.43466436182862
2569,22.71258396098097
6160,-3.504101404569681
10499,156.32176473590866
11871,49.95511637592962
7836,85.11922236650983
2258,32.58696246105879
11140,51.259522674110755
6689,24.640568556603593
8539,25.323763437998977
11494,56.42570668581487
1360,24.067685081332268
10266,26.267605133652395
3932,23.08090428360039
2499,31.978104792675786
1882,24.291293977346683
252,76.52067856706884
2597,42.614964461961584
6056,15.877146705014102
9616,254.47992470340037
79,20.0626052484615
7020,54.182847531416286
10371,46.43046313360697
9179,99.6669057803884
106,54.805632804629376
5501,10.427626774019622
4810,80.5989648212323
9644,229.19467452819666
7773,82.17221346117293
11661,53.408080529579934
469,14.88161081570643
8072,80.80500184575331
1794,67.51271137103434
9178,69.8016462767019
7340,11.205590518259292
9777,38.021964409012035
1705,43.15927608282192
6390,34.56441296616896
7140,88.94185937784529
943,175.5663947835557
10539,39.403049463513135
7156,46.14845840181049
8788,37.68096869632244
3039,137.3395069655599
6838,19.149903191018613
4051,26.629904416431785
7867,85.6497195329388
1554,11.361918125734661
258,32.482981290469475
3767,497.4579892597686
4096,32.47446964694792
827,90.71228356148097
11029,42.569037927939334
4336,27.626428147152993
10300,104.38616570853999
5715,364.92150452503904
9469,41.89385734775709
3035,29.586491787430532
2981,38.60347505466096
6443,110.48608224829044
7425,91.36590700412594
4889,171.40380986048945
10615,38.241683484922085
3756,35.49976152932672
8081,70.9209621628865
7229,16.369480444600523
3227,82.3616561775734
9977,65.12590505837821
3460,586.6611556484588
6349,7.4296139941885855
8719,48.57323486484336
6194,31.366171672074188
1848,89.60271039593442
7761,277.10351733779964
11251,16.574329701934687
1014,22.47489273608839
1862,50.104659391066946
8806,29.283407111585063
10799,23.677442581650183
7266,25.713690576697907
6890,27.836292378513853
4282,496.2237469341053
7877,48.50669588088137
6121,102.77954774814555
8004,47.992614615830846
10263,12.393122425135736
5462,-6.803177320393857
5996,26.297367224693634
8787,41.44760835074004
2150,46.56010439949616
5220,34.977401135100315
856,82.62424026311086
6190,28.38294843340229
3879,39.544192888092184
6972,25.19705203371846
7753,33.17961041815307
5837,29.835833350717696
10860,57.57253238900985
4259,137.90022175415956
998,27.156190798772823
8272,435.4750178863835
1657,35.86817798674346
10169,179.49139830375324
7068,51.98168529324653
5652,19.13415211380059
10580,177.71154163630237
6336,14.208656502118885
2318,62.12473394184786
8894,82.73292824977257
4680,22.85562640360604
6142,49.630549033125476
3790,170.84309507188982
5376,123.61187676159201
5306,41.76760986375894
3083,30.382056399054054
6199,14.051113153236273
61,87.89257868733739
7795,41.65183922351304
8540,22.794528621433074
7379,123.88560709369605
2363,57.89656571497165
7040,52.89888414365318
7410,9.350628944344272
6703,23.42506622534476
3056,44.591958909059464
8860,39.32729312671292
10712,23.397769415951757
3478,50.86340531230901
1096,459.95976342689994
3477,77.10415998083373
830,24.116778470457998
9591,85.63897246778296
8785,46.884674016364414
5315,40.729739023176094
2718,50.628643311647984
9563,20.514709010547328
10479,38.65131869409486
10723,32.14667987245603
7252,66.60173076071024
5209,31.45093152015525
7448,26.320139259812784
892,28.147941163854153
5144,51.70447749520849
1156,75.17685501424421
2422,67.76103316680599
7173,90.45233394258219
4055,23.08090428360039
2601,30.17122836767553
7112,26.85808201329328
3480,46.05215588216511
10691,16.331385140430356
7280,6.600775287384799
1454,39.43883366407944
6265,123.31542382835006
4956,109.53518182629446
1289,51.11122915834132
8461,15.172542730435566
7938,26.020113603601107
8086,62.10431698517408
12196,229.50664107799943
6164,112.92078355545635
7302,48.22633848658155
1550,-10.93817938634205
9544,46.25961058785929
4730,30.63890201468548
1380,43.52038528476653
10817,26.960611044885567
9069,236.8402313574706
449,129.08471977035546
7547,28.892038646927453
6617,741.1757465680587
3643,36.45957058173319
5419,59.29835268647077
5488,52.79337352414026
7736,25.084396861899144
6582,42.39465313616276
531,39.02861273611283
8976,114.32257052695547
8628,69.52128888240208
836,35.47288345714433
2111,57.874401293921004
5752,22.219415850371465
11877,18.108587176342287
9174,57.65529673660427
1306,27.32829921579599
5578,43.276121418994215
730,286.89387191750075
8727,32.135156021215
10850,25.838161850131847
7486,20.998654970673158
9112,22.70172561603435
1113,22.673835485020046
508,127.25652288748972
2577,148.2130321026709
1984,18.84100507195044
3220,739.4936022022597
11625,48.391317556209074
2185,-10.455217791187494
1487,42.41943046494522
4747,33.723340783269485
8240,28.020823386357158
6070,276.26244515490015
6590,24.523682073299497
7531,35.125127754768606
5660,22.155801684420634
8061,24.139327456996668
4164,28.994761167818226
9577,86.01499085792506
4824,77.3266557116815
9130,34.99768619564633
1285,60.920544143880846
11790,22.848048285862557
6499,72.95932143637813
9108,22.836370398750713
11344,27.43991118811705
7538,73.57690462350521
8561,13.13816560928825
9381,93.52771391613196
10519,49.28507396961732
5109,34.860942564008745
6340,31.023868320194943
3341,6.920523981515867
6274,26.31054423573086
11292,20.176969460620043
3441,86.98809378571337
5136,122.76417751649674
6991,38.29537486787805
6113,98.8106888041091
3025,6.843291069444607
10019,28.66485848781725
9376,156.04140734160882
5640,44.88724650465447
8993,55.480813519535154
11664,92.75525798640837
2023,29.40366991197542
4638,25.674653618185026
8747,71.90100989858614
7692,31.02634478999274
2602,34.27059773305404
9621,105.12593664485544
6650,78.50594695233285
3484,24.90875726423174
3118,34.45157277075092
4476,24.311903605198786
773,73.64002527632599
6458,55.11634344575084
9205,463.60440955279773
9447,48.538743207536484
5782,10.430620665036972
5577,44.9538168932774
10808,26.135209271767906
10434,64.22570138113988
2124,16.610121818108304
4079,21.378343667471995
8147,24.733422300268785
3141,57.38221645024309
4029,403.36584535341535
1372,136.99993963581915
2239,217.79437879051687
10200,34.82232310327205
2789,19.75243906145265
8406,85.39957976080966
7842,-6.922647655081853
2103,24.34804247563209
10097,47.340374316610486
6628,50.88486398088152
5102,20.594195472953523
8673,38.9827871304316
3615,34.92793397239814
5960,89.47188079017224
2780,71.75460286397185
10101,25.246393507415455
4989,98.24997401550945
1016,26.402249709147654
3623,33.16262599466984
2744,2.1231492300212977
10207,-6.732818471844695
4796,38.2679759104063
2899,79.71823051595482
2088,175.84675217785554
2689,36.78354829296698
4871,36.12810214539645
3482,26.929536886828686
4725,39.74205138784655
5499,21.400277029960172
3242,16.98595651445483
8249,499.70084841416724
4530,38.14945222422198
4546,34.63830646224883
10484,28.205948527462517
1872,59.46569323001133
853,95.39289447929876
8144,50.68048561787059
2155,30.049144548656134
7929,29.024531546056597
7530,39.4377275041843
2497,38.98347809949254
3791,187.26941310799754
1577,9.493519483390543
276,36.67873035084241
563,14.56707636924044
3427,59.86636603492636
7094,14.165492068732899
5188,47.61814247092749
1278,86.68153673384842
9302,49.475737344807655
9111,13.418523003588074
9519,23.635600804332547
4440,97.96961662120964
425,36.50679044493811
4676,6.588541811289115
10845,27.125367343888094
4198,24.624832395918588
6180,54.07902654803604
7598,48.01252007624371
4227,24.031546210898966
1656,51.84932787319032
3659,36.61323050207911
8405,94.07657229307885
9124,29.155753570137186
8027,29.585196853657735
10445,85.91268846816905
8011,8.16887463334854
3668,30.177203033297854
8718,61.57708893951771
5092,83.49177430922663
8738,13.69064476502372
5190,46.59082764433173
3985,21.314729501521164
3996,21.70247810497716
4422,196.96520035272923
3237,41.18581857433937
369,70.16697654845454
1276,121.90933061615559
5485,41.83393834756311
7780,24.676697708589252
10399,32.69587080981465
5497,5.919618939601861
2375,47.30140408845086
10643,23.046365986447796
8743,311.53255293723805
9592,90.35238251731127
10983,33.51149530762807
8103,9.313320413457834
4515,31.012300550575
1701,4.804585901750656
4111,18.073994642956166
1443,42.64438735025588
4938,29.76226575069179
5224,9.174572029070596
4256,30.14720657603018
4192,33.428034643958256
7689,49.883983609246265
10669,49.90848285238049
10716,90.63273991161108
8314,30.41223055309405
5643,35.67238470455315
8360,79.34701913523233
10700,74.80043098871266
1181,29.025776998830885
6323,27.55593498421403
2293,23.190474027999493
3251,17.779092347206532
7670,14.002861185220532
11496,49.97502183634248
6753,30.401849316607777
8224,70.84012648276428
10369,33.26113437059592
3218,24.01348204375325
11445,30.85454040702622
11150,127.72615742783404
3826,9.586554591120148
5730,-3.784458798869508
9499,57.705289393941335
8228,70.29343281520872
5345,43.96890132405117
8044,11.552050242236266
10619,109.75874528270884
6562,434.6339457034841
8089,46.193601049137385
8152,38.8560896564777
9928,104.6533897861263
5294,219.196165762016
2906,36.68939467811546
11305,255.04063949200003
9288,13.971002159323543
11620,74.01630519614378
8176,31.854798626915176
1486,67.16712278623588
6977,21.71494082155142
2759,16.890479212408128
7801,27.263071516318128
11623,55.87730486143832
3309,23.039357425380878
5097,30.931852568943107
7516,67.64375999975613
9565,14.900661324814628
8863,30.692587947393875
9345,21.08221550037788
8921,27.823786304917775
5010,73.88026474871731
4383,9.866911985419975
10251,12.251954933166935
3619,28.7144037735184
9273,30.860295289795015
6413,33.42285910764005
7949,178.65032612085378
10628,51.87340818752406
4370,32.406830322346025
9175,119.44341147748479
6197,16.97867391116344
1673,217.23366400191722
7744,21.364221620648856
9107,26.728122736286974
6202,18.55220725044856
1281,67.48067577250616
11288,32.42703726675586
7628,48.532028831365004
10375,39.69716183937717
9870,141.20530055031648
10045,67.72316033790955
501,42.192979430603835
10981,12.348924474143033
9377,150.94672704659462
11273,13.16809227835806
6254,276.15653337693163
6592,18.232931507009297
10320,31.79833511081646
8195,71.62065250428631
5463,434.20055597970156
9610,259.47604864634934
9530,99.59825539379611
8167,61.29673154521788
11731,30.36905961430683
4897,96.23394943231574
5009,106.9551713397106
2344,51.193658233875496
9871,86.19304586246889
7336,36.04009343374795
7333,84.61320388642594
1490,40.76928048459878
1495,15.130536363223214
5,69.12494730940867
6474,64.08723570194662
6604,62.78260578277347
6004,68.9738761037679
12255,48.56681838216336
6185,47.6656236979819
4835,105.9741378055189
8534,29.4527534355271
9980,278.5053043092987
1893,15.80226613408496
10126,85.73463346362522
689,105.05228149757309
4529,17.71113506754909
4921,5.639261545302038
7368,406.9785160778306
5310,33.9887494325579
375,55.87651104929065
2874,3.7001128511567956
1180,121.92973239579308
12190,23.607080775047447
4859,27.13080547825437
2582,96.91248910045749
7350,45.50336180224328
2965,5.645658084650126
1540,15.504836181335705
3089,9.801000666143434
1201,75.92486874018239
10282,24.98039963989614
8275,155.4806925530092
2573,7.771254090541607
12193,21.12905662578161
4052,25.189114658531565
2640,24.475048935465004
2007,30.77255345554145
986,224.9893136136993
9372,-4.8406755602950895
7056,48.35430776760836
6277,24.202333860799683
7079,103.3402625367452
11680,128.00651482213385
8842,70.84496450410404
10487,164.98951689849068
732,135.60999003139767
8962,-6.361932866482206
11768,34.65694667647271
10028,108.77771174851712
7205,47.41731363033719
2644,12.764503893586966
2552,22.520189495000743
2230,28.15368898491875
4064,72.3153176525715
8098,30.95726292791699
5995,36.688816933996094
3143,26.47983316858683
9683,27.43910479286039
4785,54.275271262851376
2828,6.836643507721849
9025,8.40063568335179
2973,30.589956289482167
8876,27.93594010324439
11692,26.04748978954943
3187,50.94573157396642
551,56.70665465625623
9737,47.315030626336686
5425,36.34083371222619
1409,18.280290283350794
10771,20.270911884432707
2053,-0.08032959847214016
2449,9.025839802520501
4199,14.183583656144755
10680,32.05101517924305
7304,32.41408752207412
2469,155.47520590823734
11734,27.00590780379792
9555,43.92455197287662
8867,72.59193564359947
965,44.610853431726305
6801,405.97824390420726
10955,-5.52086068358274
4445,138.12136921301843
1881,19.437775269861405
6793,19.424724898625566
2241,71.0536880748068
370,84.4843062190518
2763,7.1077697899456815
283,28.8433558085112
1241,496.6169170768692
2073,17.181865744226975
711,45.951894277436374
1806,11.361918125734661
7653,88.28051447484918
3270,15.716335365966277
11905,12.53886076066848
10354,36.2465573319679
6667,106.81520998841836
1451,14.455457362465026
9641,101.05354795850769
10154,20.826511870124683
12102,54.75390435001401
11390,26.811629894915807
2866,23.597617094318757
3689,59.05387239081929
7601,26.389443823516267
6329,24.882508189489506
9728,100.22762056898804
8323,31.444410116490733
11046,61.30721997044063
8318,63.62367796567294
9167,56.731460206110384
8155,91.98909500158518
4994,138.40172660731827
4178,36.89358789637894
8441,57.246313091403536
8478,54.91413478636798
2342,70.99681967627937
8131,35.40548514906843
649,91.74543332084352
3738,145.4710307658367
7602,23.015488103557054
7922,70.53141151783376
737,113.46018534649198
2772,10.6758603423383
3976,15.857244333964147
3493,58.43511608252065
4597,46.61287067076476
2864,23.002332209266527
7267,-7.20300504938168
103,62.60784898111206
161,36.229788838065964
4113,17.15233227734177
4461,73.59990735441747
6303,23.892350117369315
8261,31.306702184292565
11061,11.712026447081008
11172,91.99509733887065
11107,26.961404269179013
8470,21.165903920063613
5213,28.183409882158614
10194,61.51904741981871
2727,45.17156822032595
3328,86.0376553204506
6008,28.467500330052463
1682,28.95675764888654
4110,9.589548482137502
11521,97.13179257983337
4264,46.84988446556606
3904,44.112744710377925
8102,35.40548514906843
11189,58.26600418254098
3640,40.92653768085947
6597,10.988341562619269
2196,21.73419682640674
3086,25.23839684233054
9551,37.91524385895175
6892,30.196769876926435
8557,22.55601300445089
3882,46.05215588216511
2553,19.121362466250265
3931,22.023279253845644
3272,22.433838554190665
6100,62.40363538635904
3152,27.82466159105949
6269,33.247106421479714
6001,30.18527260709327
5276,80.8396600931541
527,84.09556266298952
1933,44.930726304965816
3340,12.986539933051265
10508,94.23205425304783
11408,33.91167530069734
7590,25.713690576697907
9100,51.02515285787845
12166,56.157662255738146
10334,33.26113437059592
10711,17.72658659195322
5524,131.96534390549996
4996,88.91116600157258
8875,36.88841253090699
927,11.86185740204969
5324,29.830085529653097
1546,16.346329248020375
2064,34.931882068245365
9327,63.555923247393864
7082,70.31628531403258
6166,74.9795338763664
5166,21.67549365645214
3908,35.49976152932672
9729,72.04239174008578
11203,40.238959160241336
8317,21.34761322688856
8982,95.45016760242927
7075,107.09556738271819
2338,14.126621290201932
1337,45.81676712824219
3660,44.28070566002121
8446,45.41853840495982
11301,590.5861591686564
7265,-5.681747743194563
121,88.64490063659213
6842,8.91943175315473
9823,31.421010078394666
12109,39.26042252009974
7508,98.91750884264042
9087,32.278443958636714
8180,39.95012027620525
3191,60.306765412910806
10015,35.90310831287332
9467,48.85572982516335
4008,82.5550411304849
2355,85.75729792615078
2980,36.33287310777929
1447,7.838778608230356
2292,9.835177718309602
8755,29.51457731493382
10946,40.25787662797682
6308,24.42494300486466
9231,24.40309979917738
5127,405.85708650063134
3937,-4.625530981768975
12088,109.6187839314166
4014,35.77295425114484
1529,28.35344043843918
3688,52.50070316561734
5569,106.2544951998187
22,40.79967394884098
8797,29.093307238353137
11213,49.376929134823314
7284,98.7095993386908
9405,32.00512490509038
8807,38.090603905495215
5384,59.352213326871826
9268,61.857446333817535
9379,104.09267499752666
7417,14.445849463032722
589,43.41011011083881
8156,60.180832552654934
10782,10.881933513253493
3841,25.412723554545977
8652,35.68584254336825
6567,101.96835016027504
2198,95.53006138137144
10634,-3.9996033773956228
5002,44.67345949897757
4727,30.7379178218975
6609,32.61889562955342
3540,28.164785980020028
10784,15.864567168880349
4069,46.030112855732085
11430,40.91461108414029
2035,28.158990162209186
1511,216.70876861496205
47,10.90176162223235
6518,69.45236063230925
5008,18.839356345979294
5663,-5.050678241532566
7555,41.851168600375395
10522,35.21040426534426
3906,50.54854343551665
8435,98.14117343750762
5624,96.7393864660085
525,67.3125719045337
702,71.93362909551007
2425,60.820104022674705
3933,19.682077254849915
11450,37.072680769855964
2110,44.89121082602613
3331,68.35378355393381
222,10.90176162223235
7981,19.71061797961826
11548,141.76601533891613
3707,62.685448730447504
575,87.31447543966817
6224,1.8821721616266274
11145,34.207525478741815
10503,134.15391348731342
4179,30.457560427597677
9539,34.69755697573898
9303,42.97495569086132
10923,25.24417198207685
2036,28.428298558153976
9222,30.80083692467053
9419,24.423983585938952
8491,86.68239887649335
6407,28.331323858327806
11816,39.69795777134237
6790,45.973452112882896
6521,45.514531681877045
7578,53.35613918657584
5619,93.76802323663033
11436,75.53940638360399
2115,27.059566130270845
10702,86.29534825222487
3111,58.17692310927147
10796,49.394401587329966
7443,21.86065343313488
902,59.02529385202689
7873,45.120966193668835
3050,26.711003371935583
11978,43.38669751374426
4344,100.84692058307574
3313,66.34865642548549
11239,34.37658928217289
7262,5.697359145786045
2039,18.08197258276555
4816,27.50232034630853
2149,20.21806392359002
10610,71.71807228553169
6427,45.68249263152033
9045,46.34443398514276
6341,25.2797614601177
3375,148.49338949697074
2383,48.76592975536905
3654,13.903226261844928
8347,49.857735702611635
5939,41.292811325062374
9805,91.17103656947694
63,59.208814851502304
1057,95.24970398707163
1778,60.02034046664252
6802,406.6981586835308
596,52.34783718584769
2881,29.70631438619998
7289,85.4278142061091
7850,30.41223055309405
2164,21.344958107828468
2459,20.608952444689372
483,32.54243965559396
11017,91.99509733887065
558,36.9355790502689
11025,62.101926629469006
2205,40.375757313234
304,11.602719210818854
4360,61.66117620557418
9054,19.055539883420746
11994,24.238157370249834
3414,11.53637259321674
1004,20.256914090272698
10778,11.032773310143213
4449,101.93847556524608
12134,54.16880099658292
11337,75.9599637784692
3710,122.77080457869255
5030,22.58399404244529
5680,85.28061190499423
4261,80.31860742693249
12048,71.58025578360952
10012,72.51859569912669
906,15.217544040462986
324,27.968819610347804
2760,48.84848937654122
4943,225.7629791448897
9749,31.323602347719408
2507,14.126621290201932
9880,66.67943776875316
4286,138.12136921301843
8329,21.7012625749171
2803,19.780424643453447
6385,34.54946422115756
9789,121.67476523917342
8665,32.601403774784245
5957,92.30519107912532
1428,68.41619890425818
1095,21.168645556647345
1427,94.49652731160991
1858,67.20031837820633
10498,190.3533444452956
5005,35.71846693622367
6669,89.75223818447206
5437,282.63350965319995
5681,83.39611331338436
3306,25.02021236191954
6200,41.962050212777854
6014,188.39084268519682
8636,55.33549777503679
4160,35.208291366697964
4125,34.76766699030708
3090,11.573472621395748
2358,60.191634515795975
7986,9.480146541754376
11869,50.982431202525376
9875,71.96155605996358
2961,21.319168461879322
6554,69.25423349806773
7603,30.019223106895545
7919,86.40204148219354
7500,80.5246444514535
2253,22.95419287931987
8946,75.84276650881607
3617,36.96975207241528
9846,61.87542987557024
1688,26.875833404473
2177,22.622959007754684
212,53.014756370585935
11535,17.607456681899052
5788,24.00805595191757
833,22.91011663369967
12221,34.76824026734146
1702,9.493519483390543
10582,127.1654426392344
10728,19.896612066320216
2072,12.142214796349514
4320,27.374801810896273
10524,43.11911391333137
1368,495.1023173569059
7969,-2.6630292216702074
5017,67.18675667484624
3159,49.683082687785735
5523,262.46953441056314
10296,57.93565413090409
8116,40.711806594260956
1776,75.64451134588256
266,18.78569535905202
11641,23.082790693129482
2404,-8.204964291892978
9999,26.078484680088373
5620,98.31427607195661
3812,46.20114263231926
8353,32.805738507242694
6671,103.05990514244537
1274,88.0919488667832
5589,55.46243023954274
11347,27.84955231348627
835,25.322626516910002
6231,88.3898807572125
7510,70.64060476858666
197,-0.42017006727162
10676,30.625807587800878
9916,53.32772881368344
1400,23.836421076158175
4340,171.12345246618963
2328,57.950426355372706
705,92.82659862861588
6212,-4.770320847232739
10425,43.25531308516114
12022,145.96152283137445
11564,39.08275566782156
7583,143.84598874179306
2335,26.43064597763576
2745,9.612984379586738
4153,123.38189589148334
7975,18.86912491293359
7103,297.570044067495
6824,31.157014381437417
6055,37.44054770341437
9186,68.4848321826556
10584,64.36613714645782
1838,-7.617054426139013
1388,71.91776298861853
10361,47.36463699731927
11142,41.08987199938031
95,23.12840568016238
9378,103.37013713177416
3163,21.34988050085611
10660,99.26260301470691
2330,46.00881228266659
1802,37.80296222484233
6012,434.35358830918426
2218,65.12054345105771
7152,47.88328699811821
9863,53.663829659045476
4295,58.892408250636365
6090,38.56665545068189
11012,94.82840762782374
2940,84.18533395879118
11424,63.78646135097303
7148,70.00389232120457
7043,31.5489935475293
503,34.352567490527534
7771,110.93696879779358
5967,69.17200323800942
8566,23.30199526088808
1239,295.0468275187966
7698,51.92594184218432
1521,75.98273040363443
5291,22.85078992244629
10349,37.81586150234881
5039,5.479345710185505
10854,25.54111442849579
7067,53.43651738827408
2025,25.079849434141956
10905,33.821849159195565
1853,86.40117933954859
4625,6.4867302675496
5464,171.81149231960651
1989,3.7682374403597336
3783,49.963440082085555
3749,58.61205085633654
9605,21.10686926442451
4252,14.504906168150825
1917,36.323796296283305
5539,38.28629805638207
11263,-2.2471042985343246
3211,19.121362466250265
4575,24.337969237802163
11,27.44414249960183
4283,229.83799088132375
4315,282.07279486460027
7062,15.364597527500461
9252,26.94843922775321
456,46.643246740739905
2171,27.953910722527844
7943,406.5389586928069
12178,9.283907671199746
3936,20.551669467034486
2728,82.19259693017293
8345,48.900698465540245
11538,75.48253798507656
3747,60.75234930439562
7806,99.65176098700857
10804,14.259595186487545
8161,-6.922647655081853
7324,20.605189131463966
1608,22.359291640791092
4375,17.135628584147454
3833,19.104754072489968
5465,188.110485290897
9478,93.98733544492427
5859,24.636337245118813
8821,29.869287301551584
4927,23.877472931880952
10690,15.181018719114448
10889,40.61439819831299
6286,73.43674722977079
5558,39.931355587658324
6658,26.70235672771848
9655,33.291287913384544
2652,33.79723427934936
1106,29.237115043186364
2560,45.17156822032595
9864,42.15116113463885
10259,11.417431183469184
8512,589.1843721971572
11388,20.79697840323948
11070,156.8824795245083
8837,89.78293156074476
10121,18.71503303335522
9364,168.3204056154352
2327,68.81707856128807
9985,134.48856045419836
4825,72.11824925347867
8087,76.08119796965292
11235,46.82032537645894
3431,30.090780386043633
5543,364.6411471307392
5542,31.40395153574358
5458,8.908452504082774
2664,81.99432634188526
10592,27.9926886015298
7534,462.7633373698982
1873,38.91375299883401
3036,30.18058663070265
5443,27.601262745786123
7763,397.15757379710726
1429,48.073590551489886
5483,70.90979127780054
4913,52.51301612984043
10084,72.62155981875554
7561,35.125127754768606
7838,27.20070980775606
2830,21.625315502128295
5714,99.42203470562178
10609,63.83628064169368
1840,432.11072915478564
4675,22.457183091197727
9458,127.47991492269699
10402,70.45882620641022
7279,47.414427374724546
8740,32.39006573042877
10231,16.98715759914299
4484,3.8619610149625956
10290,60.29277180796469
6028,64.93721608617372
5698,20.975565589356297
2098,50.18531103286518
8717,55.02391971431575
9937,87.82868790028598
10505,98.75716598101417
12257,39.36311306212138
706,65.69729215327905
11191,26.883427711002184
557,35.14813210215106
3011,36.17921318743337
4665,30.18279613729547
1410,2.179816649163655
3151,23.62231706036146
6509,139.2427987902177
4385,23.597115537581132
3729,161.9293951560088
8207,164.17225431040742
11934,100.29613708446844
11615,91.44761243694542
5042,74.41881908776676
2801,22.50904990214371
7899,31.231872501152214
10822,35.8387583785458
7584,111.50736769875704
9743,38.292222703996025
7483,27.72296662752583
812,16.526077733918946
3856,108.97446703769481
9103,48.5533294044305
10530,38.356717232046144
8587,10.856716394869537
7934,19.985439687225213
6854,48.57324594365056
11461,17.828229782042463
10745,180.0521130923529
218,9.995650609410752
7940,588.9040148028574
1381,43.27167252747846
10586,72.23823830482687
6948,21.367006031382655
2819,26.071822232839125
5383,70.21886553278719
4123,19.316510604874217
11582,30.685194083084184
11007,53.944187053345296
8977,151.29696343996898
2076,19.293421223557353
9474,100.49283316990805
1431,82.28543080134091
7357,28.744174151756773
639,-3.158531194496149
9633,30.293825618426574
6252,406.41780128923097
2290,42.567114352552046
2129,88.84269045542752
7337,18.67555384329625
4412,46.938196705441484
6408,42.32832465235859
5583,19.119713740279117
694,744.3870029701741
306,27.966439526787568
11319,54.78840883250655
2420,83.90368438008846
9739,56.3350461819875
9456,199.48841690142763
5440,107.32240757552678
8679,42.41188338897504
7559,23.56202761627791
7605,36.7733938275252
5943,63.94828317293582
6401,31.57899000479697
7896,26.280926261377328
269,1.5611887355690968
3140,106.20097799832749
1100,70.77333068050697
7852,-2.6630292216702074
2128,225.26967100799914
1671,459.6794060326001
1890,18.280290283350794
10641,26.44519301519827
5312,20.87386863865195
8053,-7.651643848189252
11603,174.76809859208734
1625,33.36588001880796
10506,90.3436463493444
11188,71.25424501032984
7041,12.84957258212425
6351,23.69669858650551
3405,15.57688693966432
865,48.35394794578971
1901,281.28672403150426
313,17.292587839416946
5955,230.67906306422321
9769,44.290826412457356
52,97.13231196822821
8661,53.19989038279071
1030,23.233743878363033
2678,12.101778292910428
7036,13.059332772210961
7391,26.871259024330506
6074,262.74989180486295
8919,27.431973812930153
322,10.513545331486647
8765,52.822757476146
2353,87.7897364243733
9970,26.681046874879193
6668,139.2427987902177
4258,309.28969378283944
11559,62.38228402376883
484,40.94528889053037
10856,25.9395577409041
9509,-4.279960771695443
11014,141.48565794461632
10221,40.018232052928816
4291,101.93847556524608
2310,29.348272105552997
11921,-5.689142088090492
1804,34.378331952127425
11685,49.977159402362645
1684,45.76967200065232
5078,17.991492461848914
485,39.29661037622361
9221,26.318481610917754
8095,21.9277208199823
6152,37.71574261154292
11852,31.134897801326044
7146,59.98365963505108
4604,23.36126167790021
1666,26.837884038922226
7057,28.623749923507827
7374,219.7926999522601
2645,11.812310721393661
10228,33.010930519084724
11651,25.54541316313825
1810,46.74068929985121
9183,84.15558886575626
2042,5.036346951753906
4932,15.316431916414455
911,-28.300371680857197
7533,23.972219499645583
7855,6.8811326816846226
4924,18.301211967665335
9944,54.59037769986413
8641,39.51282411264117
5766,27.473609204338246
7835,50.47162121602494
5851,31.29863261049715
3312,88.36796993100286
11127,134.7689178484982
4753,37.17394529067876
10171,104.84557925055563
8229,65.55800819155387
3771,27.094444416596446
476,56.98642147441452
26,27.286265198097745
8067,98.33363532436968
9622,125.28739406519516
10930,32.63365947265133
6750,19.694866902400236
7888,35.39053640405702
10360,39.69716183937717
5546,125.51741316259822
7203,49.297020914011995
1913,45.536409733942364
8615,24.818128163704802
5602,27.28512827700877
4934,51.786803756865886
1932,31.41739000407614
11015,89.96265884064813
4951,131.68498651120015
307,13.794909396634857
9455,366.60364889083803
10558,264.71239356496176
4534,13.247453803132299
8668,49.41431812655003
5160,40.38526507099166
3901,60.75234930439562
11196,7.659860905884813
3304,24.62839986993192
3715,93.20678905963584
4914,34.88514981389229
9639,23.635600804332547
9540,58.08738527430301
9771,31.36155171327018
7190,263.3106065934626
10157,22.93806734945506
352,61.69455877946381
362,101.44072539133884
4424,124.95669837399858
9137,11.13707378916936
1362,24.45949757331989
229,47.28274462106972
6641,30.472003620621777
9330,70.85414760380837
8239,14.283218579520355
4650,24.63553084986215
5098,16.89968840626193
2992,108.8039378824915
5742,46.87118503863155
7131,172.52523943768875
807,48.59846301917511
9120,25.826729976363776
10890,36.792323375556144
9039,-24.65572555495949
7344,-25.496797737858962
11233,46.80311055946778
5988,282.91386704749976
11400,9.952830542887
791,6.8892249331182995
12232,54.95138673596219
10668,52.83966625458689
8301,42.278041730431895
12254,48.31810562487529
12231,50.25751679666247
6578,65.21757348047355
11229,35.25827176433863
9457,177.43118424200253
446,40.80265440237043
12015,46.362889346440085
10284,26.567032638848687
9026,73.9593588058132
3581,21.89646830259808
10444,91.43438255027101
2296,35.753240851444154
785,109.04714575707604
118,-0.2113814891454595
3044,46.28916967696642
7876,26.587402473064007
4781,83.8113152522688
8013,22.1410108274347
7107,108.16347975842626
545,6.886646286542572
6425,21.29993864453523
1103,29.336130850398384
7405,29.968400010332523
303,33.00034381992467
8904,31.59343319782107
4752,29.54972813535327
8451,46.28903347615359
9251,32.88176116908407
11699,95.10876502212356
6657,40.49207037625797
8741,11.227494896943739
6526,36.90154850082584
4260,93.48714645393567
5051,50.036092311588654
10645,23.915958198632367
9306,34.13684218713934
10674,41.51754618095197
2994,57.65761600395652
208,59.2261434422888
1960,10.91892984792247
11095,43.679828701931015
4678,22.85562640360604
8703,23.30199526088808
10368,45.241459769240784
9814,79.38221592874157
2891,63.39043928230225
6064,26.534153131745274
900,81.8096299434277
1159,58.21280020791983
11977,75.8197637779038
11823,16.90829049944652
781,26.608204578149078
5393,32.17434042704057
8689,46.80392220871963
7255,47.204440821940786
2571,31.912654647745402
9679,35.55840098424598
5725,27.470976599331255
2794,19.617794278736287
5811,61.84190647277637
926,15.410893757523038
5442,27.93551659949592
7264,-4.533123088840952
9601,47.65559647868184
7398,47.414427374724546
9143,30.74119652730961
2835,17.513279854356515
5135,102.60272009615703
10440,148.55496210313476
11975,222.56045449361386
4869,27.655159205196092
9525,114.88328531555511
1787,136.7195822415193
3768,49.3266445439687
245,15.441936045435305
9817,62.41816112241718
9799,41.70660134358064
7568,41.34817486411442
10187,24.826853196843878
1176,10.326356033425835
3692,24.074816061262503
1745,95.2990200752216
11082,71.96639408130333
2841,23.200363823690566
6692,93.23550011017939
923,25.487246261776132
11569,38.98006512579992
10165,254.19956730910056
5320,14.744298444744402
7701,29.308572512951933
9462,79.90773392383197
11010,233.20227961292164
1714,29.05577345609856
10521,37.408366362590705
1854,90.02669333855047
757,55.34164641740251
8565,25.01377969456861
2920,113.69490753385153
7717,93.11062467584853
7523,36.890435732496904
4945,20.019118209118158
5521,396.036144219908
4555,-29.20241995111236
7149,71.7508634607
5829,54.092187027588906
3993,52.671275631969394
11887,28.562998414211375
8810,50.44469839784591
8823,-5.1210329545949165
7830,69.5721006445309
1703,18.776722095836817
10688,20.795066404847148
4715,85.06251158789982
6045,6.1999763339016845
8438,58.57411295275098
7222,52.59114507174675
8348,24.957055102889075
8415,24.26613840824423
3186,51.671943946940964
9047,38.29617079984325
7509,65.63329843670084
6131,13.161789002321061
4653,29.075340299727138
140,46.37642837059526
2043,70.5950700742153
6356,58.61062744216575
10163,408.09994565502996
4991,230.11834827562356
6306,29.56657295151915
4582,251.67635076040213
6563,172.2448820433889
541,56.240091331272325
11160,16.99138010277217
9146,20.597211191654576
10830,32.1592716370252
518,47.90894290510734
7529,86.46429855939894
6255,252.5174229433016
12189,23.363148087429305
1476,14.937186646163163
1906,129.1375576478407
10367,51.521557800770054
3219,212.30841785403138
10038,53.91283216711454
3298,68.87394957322898
7290,71.50013024155623
1101,38.34026441634744
11423,127.02654201738105
2643,6.060689795291825
9757,165.29731001736477
584,62.94299881236848
8648,31.237620322216813
5921,30.988278758929653
3864,22.714195948490485
7702,26.440289210559747
6566,149.5449400750955
10710,4.125031316025215
8522,104.28486446195598
5593,49.35019163882565
10313,56.054688787687674
8762,74.08075101357744
249,230.31610410539597
9329,61.41562479933478
9386,93.95169685874801
11411,64.64548041577461
9617,237.40094614607025
5327,119.15154869047501
5439,50.16771672686817
2600,37.59254266075444
10236,17.3839083875529
6179,56.12488351420424
4959,78.4519972711696
5329,81.97368712291522
9388,87.26797311168635
6916,23.977055980805332
10562,133.34291856233807
7423,402.3264264990984
8279,133.31284130441395
11799,38.282952588146536
3576,23.877974488618584
9510,27.115477548197028
4242,35.09124946172626
1005,13.458904867355368
11658,286.3331571289011
6305,48.52260615959493
11632,9.003550276899922
5900,24.872618393798437
1489,34.37116727964572
10143,46.62479137944258
8782,65.8383655858537
1491,27.253279104541804
2144,10.05423427199019
7242,60.294195222135485
11631,20.756148055707712
4639,23.876679707587506
7269,38.27645740014257
